SimulationID,ProjectedRevenue_BN,ProjectedMarketCap_BN
SIM-0001,425.83,6440.3
SIM-0002,485.2,6227.0
SIM-0003,348.59,5041.44
SIM-0004,515.59,9960.55
SIM-0005,551.26,7121.38
SIM-0006,378.25,5770.23
SIM-0007,440.67,7017.63
SIM-0008,367.72,5192.0
SIM-0009,446.98,5332.0
SIM-0010,462.38,5193.58
SIM-0011,487.64,5912.92
SIM-0012,585.74,9131.59
SIM-0013,408.1,6913.43
SIM-0014,442.81,6843.6
SIM-0015,343.12,4144.64
SIM-0016,502.83,7644.59
SIM-0017,471.09,8881.64
SIM-0018,534.68,8678.55
SIM-0019,484.99,5297.36
SIM-0020,381.3,5466.37
SIM-0021,429.46,7546.24
SIM-0022,421.28,6505.03
SIM-0023,368.06,4066.24
SIM-0024,597.21,7135.38
SIM-0025,336.51,5148.42
SIM-0026,521.51,5789.04
SIM-0027,421.72,7694.02
SIM-0028,491.96,5817.36
SIM-0029,409.7,6843.41
SIM-0030,495.9,6719.61
SIM-0031,363.0,5781.99
SIM-0032,475.03,6631.59
SIM-0033,464.65,5285.75
SIM-0034,360.24,6030.7
SIM-0035,410.55,7184.67
SIM-0036,394.34,6574.97
SIM-0037,389.3,5450.02
SIM-0038,372.92,5848.4
SIM-0039,494.75,7820.41
SIM-0040,379.02,5301.12
SIM-0041,543.99,6800.62
SIM-0042,360.75,5305.71
SIM-0043,547.06,5737.28
SIM-0044,461.45,5911.66
SIM-0045,363.06,6617.97
SIM-0046,412.77,6613.17
SIM-0047,423.04,7017.59
SIM-0048,394.95,5218.6
SIM-0049,403.15,6661.18
SIM-0050,459.3,6415.3
SIM-0051,573.59,7222.72
SIM-0052,455.79,5385.04
SIM-0053,505.51,6184.46
SIM-0054,521.29,8282.44
SIM-0055,494.79,5761.13
SIM-0056,552.1,7035.03
SIM-0057,344.59,5396.62
SIM-0058,339.04,4290.28
SIM-0059,498.01,8366.08
SIM-0060,428.96,4813.02
SIM-0061,417.29,7809.91
SIM-0062,564.43,9234.62
SIM-0063,546.83,8042.12
SIM-0064,392.5,7286.45
SIM-0065,571.26,7539.26
SIM-0066,419.36,7058.29
SIM-0067,567.31,8480.33
SIM-0068,354.66,6520.94
SIM-0069,487.33,6187.39
SIM-0070,503.1,6620.36
SIM-0071,471.64,7184.32
SIM-0072,388.19,4786.53
SIM-0073,413.33,6233.91
SIM-0074,556.17,8196.01
SIM-0075,356.89,4719.04
SIM-0076,393.03,5044.55
SIM-0077,568.78,9315.27
SIM-0078,459.29,6611.58
SIM-0079,381.12,4805.41
SIM-0080,340.81,4105.26
SIM-0081,583.21,9520.46
SIM-0082,424.71,8075.67
SIM-0083,439.69,7303.53
SIM-0084,557.27,7942.25
SIM-0085,556.73,7028.83
SIM-0086,473.82,7070.77
SIM-0087,477.41,7838.23
SIM-0088,598.18,9324.16
SIM-0089,564.44,8704.04
SIM-0090,514.02,6911.35
SIM-0091,544.55,8929.2
SIM-0092,575.07,8401.23
SIM-0093,541.35,8490.16
SIM-0094,540.63,6837.58
SIM-0095,426.1,6880.63
SIM-0096,343.48,5154.96
SIM-0097,403.58,4489.06
SIM-0098,343.8,4448.73
SIM-0099,364.77,6014.08
SIM-0100,386.13,4420.81
SIM-0101,347.11,5151.09
SIM-0102,495.87,8613.66
SIM-0103,462.93,7957.27
SIM-0104,399.67,4690.67
SIM-0105,341.04,5381.59
SIM-0106,512.19,6389.83
SIM-0107,371.77,5785.16
SIM-0108,517.43,6587.17
SIM-0109,587.54,8490.35
SIM-0110,488.78,6349.89
SIM-0111,421.08,4513.03
SIM-0112,362.17,4405.96
SIM-0113,557.99,7800.29
SIM-0114,357.87,5172.82
SIM-0115,375.79,5278.57
SIM-0116,489.92,5461.56
SIM-0117,425.85,6114.07
SIM-0118,558.3,6655.91
SIM-0119,351.49,3867.88
SIM-0120,481.68,6798.59
SIM-0121,429.33,6012.85
SIM-0122,470.8,6053.22
SIM-0123,589.44,6877.42
SIM-0124,351.21,4178.64
SIM-0125,357.07,4013.94
SIM-0126,411.71,4374.36
SIM-0127,546.03,6724.48
SIM-0128,512.4,8690.16
SIM-0129,523.23,6514.89
SIM-0130,376.82,6084.25
SIM-0131,598.31,8317.56
SIM-0132,535.04,9700.69
SIM-0133,558.86,9272.51
SIM-0134,528.78,9823.13
SIM-0135,459.99,5823.72
SIM-0136,569.81,6460.36
SIM-0137,572.73,8129.35
SIM-0138,586.09,8249.87
SIM-0139,494.32,6554.39
SIM-0140,414.15,6616.28
SIM-0141,539.41,6032.57
SIM-0142,457.11,7321.01
SIM-0143,443.17,5645.41
SIM-0144,362.4,6308.67
SIM-0145,490.57,6080.7
SIM-0146,513.59,9269.14
SIM-0147,515.08,6406.01
SIM-0148,597.14,8344.55
SIM-0149,545.55,9172.49
SIM-0150,528.45,6281.88
SIM-0151,535.26,7470.08
SIM-0152,573.02,8859.22
SIM-0153,337.84,3893.25
SIM-0154,362.82,6032.5
SIM-0155,526.36,9305.0
SIM-0156,425.91,7592.5
SIM-0157,388.02,4013.35
SIM-0158,592.06,11044.62
SIM-0159,465.98,4984.0
SIM-0160,473.02,6480.36
SIM-0161,493.65,6842.79
SIM-0162,493.14,8505.23
SIM-0163,345.67,6374.55
SIM-0164,568.25,8857.08
SIM-0165,401.29,6047.02
SIM-0166,420.42,4821.15
SIM-0167,593.43,8789.38
SIM-0168,468.24,8128.79
SIM-0169,509.03,9405.12
SIM-0170,548.38,8272.25
SIM-0171,489.25,8772.15
SIM-0172,561.11,6765.55
SIM-0173,426.32,7336.87
SIM-0174,370.33,5026.64
SIM-0175,592.07,9542.64
SIM-0176,450.3,5937.66
SIM-0177,348.2,5531.56
SIM-0178,601.11,8324.6
SIM-0179,532.91,8482.91
SIM-0180,393.86,4757.36
SIM-0181,587.29,7330.72
SIM-0182,505.39,6753.43
SIM-0183,361.57,5196.25
SIM-0184,533.87,9116.17
SIM-0185,472.5,8097.9
SIM-0186,433.28,5164.2
SIM-0187,528.95,8343.03
SIM-0188,385.43,4551.0
SIM-0189,419.71,5734.18
SIM-0190,442.11,5608.6
SIM-0191,462.32,6135.05
SIM-0192,491.63,8263.98
SIM-0193,369.53,5023.15
SIM-0194,396.55,7199.34
SIM-0195,456.63,7302.22
SIM-0196,392.08,5011.31
SIM-0197,365.0,4640.24
SIM-0198,496.82,7055.43
SIM-0199,570.18,9055.04
SIM-0200,375.58,4471.68
SIM-0201,374.77,4779.96
SIM-0202,355.73,5406.65
SIM-0203,383.81,5742.02
SIM-0204,510.62,9173.38
SIM-0205,493.23,9083.33
SIM-0206,577.35,8045.01
SIM-0207,543.64,6468.01
SIM-0208,384.55,5694.78
SIM-0209,490.58,7188.39
SIM-0210,526.76,7268.18
SIM-0211,517.08,7133.45
SIM-0212,467.17,7067.42
SIM-0213,467.3,6311.86
SIM-0214,426.53,6126.75
SIM-0215,385.06,4713.72
SIM-0216,568.33,8902.89
SIM-0217,538.72,6296.65
SIM-0218,468.51,7565.22
SIM-0219,440.59,6102.38
SIM-0220,422.9,6251.08
SIM-0221,421.12,5981.23
SIM-0222,391.37,5054.01
SIM-0223,393.51,5136.95
SIM-0224,403.22,7395.35
SIM-0225,353.75,4928.74
SIM-0226,595.85,8784.75
SIM-0227,591.94,9419.1
SIM-0228,396.46,6597.53
SIM-0229,579.89,8697.73
SIM-0230,401.94,4772.49
SIM-0231,412.89,6131.52
SIM-0232,392.64,6416.68
SIM-0233,404.1,4853.29
SIM-0234,453.59,5160.55
SIM-0235,416.16,5068.19
SIM-0236,598.15,10346.64
SIM-0237,395.66,6333.1
SIM-0238,484.38,6810.05
SIM-0239,419.28,6638.23
SIM-0240,590.6,10173.3
SIM-0241,582.57,7059.09
SIM-0242,524.95,8849.13
SIM-0243,367.79,4384.96
SIM-0244,373.5,6629.75
SIM-0245,503.57,6833.81
SIM-0246,564.39,9685.72
SIM-0247,442.54,6477.03
SIM-0248,407.29,5732.48
SIM-0249,390.14,5045.76
SIM-0250,470.24,6827.63
SIM-0251,362.36,5240.18
SIM-0252,415.73,7342.65
SIM-0253,491.08,8512.88
SIM-0254,538.55,7545.43
SIM-0255,394.14,4285.45
SIM-0256,477.36,7920.56
SIM-0257,417.55,4700.26
SIM-0258,555.35,8166.67
SIM-0259,541.06,7247.68
SIM-0260,519.6,7840.25
SIM-0261,511.62,6534.51
SIM-0262,418.47,7702.23
SIM-0263,481.03,7012.12
SIM-0264,585.26,9402.89
SIM-0265,460.16,5061.76
SIM-0266,562.89,7917.05
SIM-0267,512.38,7701.92
SIM-0268,370.84,5636.49
SIM-0269,438.63,7481.99
SIM-0270,578.75,6924.27
SIM-0271,596.59,6752.51
SIM-0272,577.34,8026.13
SIM-0273,483.18,5623.34
SIM-0274,415.81,4396.17
SIM-0275,415.38,6283.88
SIM-0276,577.04,7998.77
SIM-0277,523.93,6685.22
SIM-0278,446.03,5805.51
SIM-0279,458.15,8154.77
SIM-0280,422.72,6496.59
SIM-0281,338.24,4064.69
SIM-0282,589.4,8716.91
SIM-0283,354.94,4791.3
SIM-0284,484.31,8483.34
SIM-0285,384.68,4517.84
SIM-0286,380.02,5880.46
SIM-0287,475.99,8431.9
SIM-0288,446.25,6313.74
SIM-0289,432.58,5215.82
SIM-0290,377.9,6344.19
SIM-0291,425.51,6898.21
SIM-0292,434.64,5687.05
SIM-0293,517.82,5685.22
SIM-0294,387.63,6401.94
SIM-0295,339.75,6047.12
SIM-0296,377.08,4696.85
SIM-0297,358.25,6039.48
SIM-0298,558.06,7351.43
SIM-0299,504.38,6940.89
SIM-0300,570.05,7163.95
SIM-0301,384.19,5100.38
SIM-0302,480.94,8480.19
SIM-0303,546.9,7237.12
SIM-0304,427.15,5463.41
SIM-0305,492.2,7485.17
SIM-0306,441.76,8123.55
SIM-0307,531.37,9681.22
SIM-0308,455.25,7156.75
SIM-0309,438.91,6123.15
SIM-0310,469.73,5933.41
SIM-0311,367.69,6295.28
SIM-0312,465.45,6364.53
SIM-0313,339.45,3778.43
SIM-0314,479.16,7447.0
SIM-0315,499.74,5940.52
SIM-0316,337.76,6236.81
SIM-0317,563.41,8510.34
SIM-0318,503.53,9298.88
SIM-0319,437.24,6571.44
SIM-0320,346.02,5941.81
SIM-0321,354.35,4466.6
SIM-0322,429.62,6035.34
SIM-0323,518.69,8079.74
SIM-0324,452.24,7813.28
SIM-0325,522.53,6162.47
SIM-0326,397.54,4477.26
SIM-0327,457.62,6059.25
SIM-0328,533.47,6570.97
SIM-0329,521.28,8327.96
SIM-0330,441.42,7754.22
SIM-0331,541.67,6828.36
SIM-0332,482.9,5782.28
SIM-0333,576.29,10859.0
SIM-0334,444.34,6958.1
SIM-0335,563.13,9118.9
SIM-0336,501.79,8325.96
SIM-0337,394.43,4994.17
SIM-0338,597.45,6307.34
SIM-0339,514.89,5935.53
SIM-0340,476.84,5040.86
SIM-0341,512.59,9331.5
SIM-0342,592.42,7958.83
SIM-0343,559.93,7064.25
SIM-0344,550.23,9035.38
SIM-0345,389.6,4794.27
SIM-0346,512.28,8519.58
SIM-0347,350.28,5372.27
SIM-0348,539.16,8605.67
SIM-0349,566.98,7083.37
SIM-0350,340.83,3601.51
SIM-0351,563.65,9958.29
SIM-0352,541.49,6770.17
SIM-0353,532.4,7828.3
SIM-0354,493.12,8387.64
SIM-0355,532.71,7589.07
SIM-0356,523.95,6464.82
SIM-0357,420.74,5728.29
SIM-0358,390.48,4685.04
SIM-0359,597.47,8339.25
SIM-0360,507.61,9448.28
SIM-0361,537.9,8037.33
SIM-0362,564.96,7563.78
SIM-0363,489.25,9327.46
SIM-0364,390.0,5693.79
SIM-0365,487.69,6185.25
SIM-0366,376.6,4871.95
SIM-0367,535.96,6296.62
SIM-0368,591.83,9826.66
SIM-0369,599.65,8752.74
SIM-0370,529.84,6245.68
SIM-0371,546.43,7216.44
SIM-0372,468.47,7014.23
SIM-0373,356.38,4344.07
SIM-0374,365.35,6129.31
SIM-0375,559.95,8379.7
SIM-0376,472.21,7025.68
SIM-0377,425.35,7156.51
SIM-0378,457.49,6159.55
SIM-0379,508.62,9288.11
SIM-0380,457.3,7009.56
SIM-0381,549.0,8932.29
SIM-0382,476.24,8548.85
SIM-0383,541.1,9032.54
SIM-0384,561.47,9244.93
SIM-0385,512.61,7705.03
SIM-0386,528.26,9647.19
SIM-0387,562.81,10239.39
SIM-0388,365.2,6127.92
SIM-0389,372.81,6017.06
SIM-0390,460.58,6505.25
SIM-0391,490.21,7052.87
SIM-0392,396.93,5793.37
SIM-0393,536.03,9379.16
SIM-0394,469.63,5879.21
SIM-0395,494.54,5438.36
SIM-0396,582.24,6526.45
SIM-0397,407.18,4547.87
SIM-0398,480.7,7623.36
SIM-0399,345.74,5858.23
SIM-0400,591.76,6818.78
SIM-0401,529.84,6390.69
SIM-0402,412.88,6844.49
SIM-0403,508.63,6675.34
SIM-0404,600.33,8670.94
SIM-0405,373.49,5700.31
SIM-0406,387.33,6565.52
SIM-0407,500.6,9244.16
SIM-0408,370.48,6657.23
SIM-0409,437.49,5947.1
SIM-0410,400.51,5173.72
SIM-0411,569.39,7468.15
SIM-0412,342.37,4575.17
SIM-0413,560.61,10108.11
SIM-0414,378.77,5921.15
SIM-0415,533.47,8316.74
SIM-0416,492.77,5889.56
SIM-0417,577.34,9484.41
SIM-0418,453.69,5750.69
SIM-0419,509.27,6432.14
SIM-0420,456.36,7414.41
SIM-0421,399.21,5052.18
SIM-0422,446.76,5570.93
SIM-0423,430.44,6621.97
SIM-0424,404.85,6745.16
SIM-0425,536.03,8325.49
SIM-0426,359.54,6765.96
SIM-0427,368.44,5698.85
SIM-0428,514.01,5670.76
SIM-0429,413.6,4822.39
SIM-0430,419.72,5237.03
SIM-0431,431.58,6894.57
SIM-0432,510.36,6074.3
SIM-0433,374.42,6201.21
SIM-0434,515.14,9803.31
SIM-0435,347.18,5557.32
SIM-0436,562.55,9117.67
SIM-0437,416.88,4611.69
SIM-0438,569.6,9543.98
SIM-0439,445.99,6457.33
SIM-0440,522.25,6397.96
SIM-0441,393.8,7163.78
SIM-0442,386.95,4820.99
SIM-0443,377.94,5683.34
SIM-0444,458.11,7349.53
SIM-0445,389.21,6461.19
SIM-0446,499.44,8318.72
SIM-0447,351.87,4873.44
SIM-0448,448.7,6866.15
SIM-0449,525.41,7190.85
SIM-0450,424.93,4454.98
SIM-0451,561.39,7866.48
SIM-0452,520.45,9012.7
SIM-0453,571.34,7539.78
SIM-0454,483.48,5682.28
SIM-0455,491.87,7843.76
SIM-0456,365.84,6197.55
SIM-0457,377.36,7063.41
SIM-0458,377.67,5196.5
SIM-0459,393.83,5280.16
SIM-0460,462.54,7226.25
SIM-0461,373.47,6823.57
SIM-0462,396.52,5175.21
SIM-0463,534.2,10153.61
SIM-0464,446.38,5387.71
SIM-0465,374.97,5033.11
SIM-0466,550.22,7139.51
SIM-0467,490.27,5813.59
SIM-0468,374.45,6549.63
SIM-0469,503.19,8625.0
SIM-0470,543.48,9246.5
SIM-0471,383.69,5286.02
SIM-0472,348.36,6146.4
SIM-0473,344.26,5208.96
SIM-0474,581.23,8776.02
SIM-0475,344.77,6579.68
SIM-0476,590.63,11354.17
SIM-0477,496.33,6688.99
SIM-0478,462.74,7329.45
SIM-0479,367.76,5235.17
SIM-0480,514.64,8542.87
SIM-0481,592.07,9983.57
SIM-0482,443.75,5154.36
SIM-0483,511.25,8611.47
SIM-0484,508.62,7868.06
SIM-0485,561.94,6270.3
SIM-0486,580.36,8942.12
SIM-0487,386.09,5221.28
SIM-0488,499.69,8354.32
SIM-0489,601.02,11597.38
SIM-0490,434.16,6801.59
SIM-0491,476.58,7944.4
SIM-0492,433.45,7041.69
SIM-0493,544.11,8735.29
SIM-0494,441.62,5002.56
SIM-0495,470.5,6781.4
SIM-0496,423.76,6897.02
SIM-0497,429.43,5522.32
SIM-0498,425.5,5141.51
SIM-0499,486.51,7329.82
SIM-0500,448.93,7871.42
SIM-0501,463.68,5233.13
SIM-0502,417.34,5911.92
SIM-0503,480.16,7351.6
SIM-0504,531.74,8179.15
SIM-0505,587.73,7876.5
SIM-0506,336.98,5746.18
SIM-0507,392.9,4214.19
SIM-0508,581.4,7013.41
SIM-0509,454.84,6182.75
SIM-0510,408.77,5802.26
SIM-0511,409.78,6508.24
SIM-0512,400.11,4839.75
SIM-0513,377.71,4535.07
SIM-0514,465.3,5322.87
SIM-0515,476.66,8866.88
SIM-0516,454.22,6478.34
SIM-0517,345.2,6028.27
SIM-0518,486.01,8013.62
SIM-0519,389.12,6268.79
SIM-0520,435.23,7198.23
SIM-0521,420.43,7276.05
SIM-0522,400.65,5356.36
SIM-0523,504.23,8314.34
SIM-0524,445.85,5392.89
SIM-0525,523.75,6228.1
SIM-0526,357.37,6004.75
SIM-0527,487.51,6154.36
SIM-0528,430.03,6185.97
SIM-0529,597.49,10112.94
SIM-0530,433.49,7089.59
SIM-0531,511.19,5652.39
SIM-0532,359.35,5263.57
SIM-0533,400.49,4984.84
SIM-0534,569.41,7979.61
SIM-0535,388.77,4596.81
SIM-0536,463.67,8298.76
SIM-0537,390.5,6724.3
SIM-0538,499.59,6647.22
SIM-0539,415.25,7332.3
SIM-0540,502.64,8101.42
SIM-0541,449.38,7238.21
SIM-0542,588.37,9878.52
SIM-0543,382.5,4470.95
SIM-0544,445.48,5789.39
SIM-0545,503.49,8481.26
SIM-0546,390.73,4822.91
SIM-0547,598.91,8330.86
SIM-0548,554.06,8561.65
SIM-0549,355.83,4090.61
SIM-0550,549.4,8459.0
SIM-0551,343.53,4582.13
SIM-0552,422.15,7970.12
SIM-0553,473.01,6771.15
SIM-0554,444.65,6448.94
SIM-0555,576.91,10461.8
SIM-0556,556.81,10299.02
SIM-0557,362.24,4741.31
SIM-0558,564.62,8938.33
SIM-0559,538.96,6467.25
SIM-0560,433.15,7290.41
SIM-0561,418.57,6053.1
SIM-0562,548.36,9975.36
SIM-0563,577.91,8906.4
SIM-0564,531.72,8182.78
SIM-0565,432.03,6238.89
SIM-0566,350.93,4535.25
SIM-0567,590.02,10501.78
SIM-0568,440.81,6656.66
SIM-0569,442.64,7344.65
SIM-0570,386.18,5946.55
SIM-0571,370.71,6585.89
SIM-0572,447.96,8691.56
SIM-0573,348.52,6103.55
SIM-0574,391.85,4937.31
SIM-0575,407.76,6928.74
SIM-0576,349.57,6338.07
SIM-0577,545.89,7100.06
SIM-0578,492.13,6908.79
SIM-0579,365.63,4900.16
SIM-0580,380.97,5449.39
SIM-0581,549.83,8761.08
SIM-0582,337.77,4959.13
SIM-0583,339.63,5806.64
SIM-0584,367.16,4599.83
SIM-0585,338.02,6334.74
SIM-0586,542.29,7315.34
SIM-0587,360.67,5118.67
SIM-0588,554.74,8574.8
SIM-0589,370.24,6205.82
SIM-0590,452.23,6396.19
SIM-0591,447.87,7450.34
SIM-0592,587.68,7470.49
SIM-0593,509.99,6632.33
SIM-0594,553.72,10381.39
SIM-0595,448.4,6913.81
SIM-0596,569.69,8604.52
SIM-0597,350.58,4242.15
SIM-0598,523.91,8317.53
SIM-0599,344.8,5936.02
SIM-0600,351.85,4188.1
SIM-0601,588.03,7688.03
SIM-0602,406.07,6890.71
SIM-0603,502.51,6489.07
SIM-0604,358.0,5760.27
SIM-0605,398.23,4988.71
SIM-0606,591.45,10096.32
SIM-0607,492.34,6283.46
SIM-0608,363.42,5916.19
SIM-0609,497.66,5629.22
SIM-0610,591.64,7415.72
SIM-0611,595.12,8907.45
SIM-0612,526.93,7887.1
SIM-0613,365.01,6613.37
SIM-0614,388.27,5600.69
SIM-0615,442.61,7728.75
SIM-0616,392.22,5182.14
SIM-0617,567.26,7261.76
SIM-0618,546.46,8809.4
SIM-0619,576.77,9849.81
SIM-0620,448.15,6891.75
SIM-0621,535.05,6435.26
SIM-0622,470.64,7712.69
SIM-0623,345.14,4361.0
SIM-0624,520.66,6226.33
SIM-0625,460.15,7091.04
SIM-0626,469.89,6801.95
SIM-0627,406.33,6422.08
SIM-0628,563.25,9084.94
SIM-0629,372.64,4173.77
SIM-0630,393.69,6881.52
SIM-0631,358.19,6095.62
SIM-0632,383.25,6186.4
SIM-0633,489.95,6987.07
SIM-0634,537.17,5914.07
SIM-0635,530.62,9320.92
SIM-0636,382.88,4863.07
SIM-0637,413.72,5779.82
SIM-0638,564.23,7121.5
SIM-0639,445.02,7461.56
SIM-0640,483.67,6887.83
SIM-0641,512.09,8542.12
SIM-0642,420.96,4709.44
SIM-0643,482.34,7564.85
SIM-0644,350.16,5207.87
SIM-0645,474.86,7418.27
SIM-0646,543.29,9533.76
SIM-0647,458.12,5609.92
SIM-0648,415.56,6392.29
SIM-0649,538.56,7626.13
SIM-0650,369.62,5372.93
SIM-0651,355.7,5689.34
SIM-0652,523.4,8542.75
SIM-0653,497.29,7850.02
SIM-0654,537.7,7968.98
SIM-0655,553.41,8528.81
SIM-0656,482.23,6905.21
SIM-0657,415.63,5018.53
SIM-0658,551.04,8418.86
SIM-0659,406.62,4887.28
SIM-0660,440.07,7067.39
SIM-0661,378.91,5170.8
SIM-0662,454.07,5589.46
SIM-0663,521.21,7392.25
SIM-0664,521.66,6097.91
SIM-0665,488.37,8473.93
SIM-0666,501.28,5378.62
SIM-0667,348.35,4657.7
SIM-0668,393.77,4734.64
SIM-0669,399.94,5473.7
SIM-0670,535.13,8308.89
SIM-0671,342.94,6418.99
SIM-0672,367.66,5118.1
SIM-0673,418.89,4406.04
SIM-0674,503.18,7023.5
SIM-0675,582.12,8750.99
SIM-0676,397.02,6906.15
SIM-0677,396.12,4822.66
SIM-0678,476.13,8610.31
SIM-0679,487.9,5932.51
SIM-0680,370.53,4967.4
SIM-0681,556.57,8153.03
SIM-0682,361.86,5534.18
SIM-0683,350.82,5068.3
SIM-0684,354.09,5173.44
SIM-0685,374.01,5953.34
SIM-0686,504.64,7104.98
SIM-0687,499.62,5709.64
SIM-0688,461.92,6303.03
SIM-0689,347.17,4144.64
SIM-0690,396.64,5601.33
SIM-0691,529.41,6610.52
SIM-0692,564.57,9164.74
SIM-0693,391.75,7134.97
SIM-0694,533.78,6611.49
SIM-0695,449.05,6261.12
SIM-0696,458.01,7655.0
SIM-0697,548.25,9263.34
SIM-0698,590.43,9138.42
SIM-0699,403.72,5845.58
SIM-0700,495.08,6552.51
SIM-0701,575.62,6980.93
SIM-0702,512.17,6508.52
SIM-0703,558.5,6817.28
SIM-0704,596.19,7875.1
SIM-0705,378.45,5582.3
SIM-0706,370.73,5779.39
SIM-0707,354.5,5593.11
SIM-0708,459.97,5984.46
SIM-0709,596.37,9048.11
SIM-0710,374.05,4961.1
SIM-0711,373.16,6045.16
SIM-0712,465.9,7828.12
SIM-0713,353.55,4224.98
SIM-0714,558.79,7916.95
SIM-0715,516.21,7659.99
SIM-0716,548.11,7508.92
SIM-0717,457.05,5831.59
SIM-0718,375.93,6157.7
SIM-0719,358.53,4506.65
SIM-0720,419.04,6923.46
SIM-0721,499.67,6653.79
SIM-0722,553.89,10033.2
SIM-0723,494.96,8319.47
SIM-0724,413.25,4638.58
SIM-0725,376.2,4505.18
SIM-0726,552.6,8942.4
SIM-0727,511.67,6760.69
SIM-0728,385.35,5471.26
SIM-0729,500.23,8042.7
SIM-0730,532.08,8025.43
SIM-0731,397.05,5887.19
SIM-0732,474.8,7177.58
SIM-0733,448.11,6318.67
SIM-0734,427.33,4687.01
SIM-0735,438.22,7670.74
SIM-0736,576.51,10242.47
SIM-0737,404.99,6225.7
SIM-0738,543.26,10469.49
SIM-0739,520.85,9108.34
SIM-0740,402.32,4495.58
SIM-0741,514.36,6007.05
SIM-0742,392.51,6085.38
SIM-0743,407.26,5285.52
SIM-0744,406.92,4465.65
SIM-0745,572.0,8547.92
SIM-0746,483.71,5622.39
SIM-0747,353.45,6151.19
SIM-0748,343.18,6147.55
SIM-0749,558.06,6407.13
SIM-0750,550.95,6446.2
SIM-0751,356.94,5286.57
SIM-0752,550.34,7834.19
SIM-0753,463.24,6238.59
SIM-0754,441.36,6483.54
SIM-0755,568.92,8831.21
SIM-0756,494.17,7825.14
SIM-0757,391.42,4613.09
SIM-0758,428.39,6741.82
SIM-0759,586.23,9437.77
SIM-0760,460.26,5213.88
SIM-0761,395.59,5831.55
SIM-0762,345.71,4761.35
SIM-0763,592.56,8817.34
SIM-0764,381.33,4895.06
SIM-0765,383.97,4253.39
SIM-0766,337.0,3985.84
SIM-0767,360.27,6196.99
SIM-0768,477.95,6274.94
SIM-0769,580.6,6894.85
SIM-0770,490.25,7031.28
SIM-0771,460.56,6320.08
SIM-0772,513.96,5691.87
SIM-0773,400.64,5729.38
SIM-0774,435.23,6578.3
SIM-0775,487.73,8503.17
SIM-0776,587.59,6181.48
SIM-0777,495.58,6842.99
SIM-0778,348.93,5475.35
SIM-0779,361.79,5272.65
SIM-0780,424.42,6316.57
SIM-0781,527.82,6555.82
SIM-0782,420.78,6196.86
SIM-0783,507.34,7925.49
SIM-0784,337.56,5802.55
SIM-0785,489.02,7465.81
SIM-0786,363.23,3926.93
SIM-0787,467.67,5507.33
SIM-0788,438.09,6567.64
SIM-0789,479.35,6134.13
SIM-0790,474.32,7899.54
SIM-0791,499.98,7563.09
SIM-0792,440.14,5577.83
SIM-0793,408.52,5554.86
SIM-0794,541.37,8824.3
SIM-0795,576.08,7765.58
SIM-0796,480.71,7524.73
SIM-0797,514.89,6861.42
SIM-0798,374.27,4571.01
SIM-0799,568.2,7079.79
SIM-0800,341.07,5198.33
SIM-0801,417.18,6224.53
SIM-0802,409.76,6125.68
SIM-0803,423.28,7998.87
SIM-0804,446.44,5228.03
SIM-0805,454.76,7162.42
SIM-0806,590.29,6818.18
SIM-0807,342.33,4251.72
SIM-0808,340.58,4684.15
SIM-0809,404.25,4506.13
SIM-0810,587.85,10519.59
SIM-0811,486.37,8337.33
SIM-0812,404.04,5186.68
SIM-0813,428.65,6555.01
SIM-0814,371.22,5492.3
SIM-0815,530.88,7144.27
SIM-0816,407.53,5265.93
SIM-0817,348.49,4638.65
SIM-0818,591.02,7928.6
SIM-0819,480.24,7218.6
SIM-0820,492.77,6874.05
SIM-0821,599.33,8736.66
SIM-0822,477.22,5852.04
SIM-0823,431.12,6679.91
SIM-0824,470.1,8786.72
SIM-0825,573.95,8232.62
SIM-0826,562.26,9928.41
SIM-0827,364.24,4526.62
SIM-0828,564.36,6366.52
SIM-0829,448.72,6018.04
SIM-0830,560.37,7590.79
SIM-0831,403.39,6960.17
SIM-0832,428.91,6238.02
SIM-0833,479.37,8153.94
SIM-0834,434.34,6800.98
SIM-0835,478.35,5548.66
SIM-0836,360.56,4832.72
SIM-0837,555.5,6000.31
SIM-0838,566.24,8390.32
SIM-0839,492.87,5152.35
SIM-0840,452.45,7117.68
SIM-0841,511.22,7133.48
SIM-0842,421.78,5241.51
SIM-0843,384.88,3976.33
SIM-0844,600.54,9903.28
SIM-0845,405.59,7122.09
SIM-0846,551.76,6415.56
SIM-0847,528.46,7973.28
SIM-0848,532.09,7765.91
SIM-0849,355.7,4141.1
SIM-0850,434.33,5083.7
SIM-0851,419.26,7481.07
SIM-0852,585.38,11157.57
SIM-0853,464.61,5565.57
SIM-0854,458.75,7043.65
SIM-0855,346.77,5155.36
SIM-0856,405.76,5524.33
SIM-0857,542.85,7062.42
SIM-0858,572.95,8514.86
SIM-0859,388.62,6853.17
SIM-0860,486.52,7796.81
SIM-0861,363.79,5003.26
SIM-0862,445.22,6813.19
SIM-0863,351.77,4369.69
SIM-0864,517.25,8243.7
SIM-0865,472.66,5693.27
SIM-0866,534.74,8087.54
SIM-0867,403.01,6625.06
SIM-0868,347.72,4453.17
SIM-0869,335.28,3815.68
SIM-0870,400.99,4466.74
SIM-0871,553.27,7646.84
SIM-0872,524.89,6367.88
SIM-0873,422.17,7462.71
SIM-0874,410.29,6820.3
SIM-0875,441.16,5676.41
SIM-0876,590.31,10025.09
SIM-0877,456.94,7239.28
SIM-0878,514.41,6794.04
SIM-0879,517.0,9032.82
SIM-0880,530.64,7922.02
SIM-0881,406.45,7177.43
SIM-0882,497.73,7264.04
SIM-0883,588.12,8318.79
SIM-0884,447.41,6404.78
SIM-0885,424.62,7510.83
SIM-0886,436.65,7096.35
SIM-0887,385.19,5420.01
SIM-0888,565.26,9382.1
SIM-0889,487.69,6059.77
SIM-0890,499.8,6404.61
SIM-0891,497.91,8169.1
SIM-0892,382.08,4703.14
SIM-0893,424.1,5378.65
SIM-0894,462.82,8159.99
SIM-0895,338.6,4646.47
SIM-0896,339.66,5039.02
SIM-0897,456.69,6881.08
SIM-0898,484.24,7492.79
SIM-0899,590.14,9347.74
SIM-0900,409.92,6498.83
SIM-0901,464.27,5138.14
SIM-0902,339.12,5458.85
SIM-0903,363.14,4213.72
SIM-0904,405.27,5722.34
SIM-0905,419.08,4735.38
SIM-0906,406.89,7154.94
SIM-0907,555.53,10424.32
SIM-0908,537.0,7354.36
SIM-0909,431.86,5135.28
SIM-0910,389.16,5871.56
SIM-0911,526.76,6071.22
SIM-0912,588.42,9118.52
SIM-0913,598.56,10649.39
SIM-0914,352.67,4562.59
SIM-0915,381.26,6240.6
SIM-0916,536.46,6418.05
SIM-0917,545.06,7376.71
SIM-0918,506.07,7101.21
SIM-0919,576.34,8578.37
SIM-0920,568.21,6326.78
SIM-0921,369.59,6193.0
SIM-0922,444.78,8409.89
SIM-0923,466.51,7100.66
SIM-0924,507.6,7049.03
SIM-0925,543.86,8185.19
SIM-0926,440.89,5785.59
SIM-0927,444.22,5305.6
SIM-0928,554.53,8566.74
SIM-0929,557.5,10383.99
SIM-0930,381.53,6432.47
SIM-0931,516.62,7221.31
SIM-0932,396.87,6128.04
SIM-0933,352.08,6232.21
SIM-0934,379.88,6352.22
SIM-0935,584.18,8009.31
SIM-0936,594.31,6967.75
SIM-0937,452.47,5604.87
SIM-0938,496.75,5913.79
SIM-0939,476.06,6661.81
SIM-0940,338.01,4953.56
SIM-0941,578.94,9403.83
SIM-0942,387.65,6814.46
SIM-0943,521.47,7828.84
SIM-0944,341.92,5411.62
SIM-0945,362.74,5208.11
SIM-0946,576.95,6061.12
SIM-0947,530.63,7502.04
SIM-0948,528.7,8809.2
SIM-0949,479.33,8169.48
SIM-0950,394.76,5321.82
SIM-0951,501.19,6483.52
SIM-0952,576.56,8984.42
SIM-0953,387.35,4703.33
SIM-0954,376.28,4637.42
SIM-0955,586.21,8202.14
SIM-0956,480.13,7884.86
SIM-0957,402.57,7177.68
SIM-0958,585.01,7713.86
SIM-0959,536.18,7860.93
SIM-0960,383.41,4683.03
SIM-0961,414.89,4913.03
SIM-0962,351.63,6667.22
SIM-0963,460.43,7861.95
SIM-0964,552.25,9069.55
SIM-0965,533.53,6322.76
SIM-0966,564.0,7330.01
SIM-0967,438.92,5638.11
SIM-0968,531.93,8048.64
SIM-0969,464.59,8941.93
SIM-0970,388.64,5299.44
SIM-0971,389.7,6830.24
SIM-0972,591.15,9734.36
SIM-0973,525.18,6987.25
SIM-0974,407.68,6758.92
SIM-0975,546.7,7867.38
SIM-0976,571.71,9835.88
SIM-0977,528.7,8207.97
SIM-0978,502.41,8002.76
SIM-0979,515.95,9022.94
SIM-0980,481.14,5081.94
SIM-0981,398.3,5164.75
SIM-0982,517.39,5855.3
SIM-0983,462.28,6321.75
SIM-0984,580.95,8832.71
SIM-0985,517.36,9170.3
SIM-0986,511.8,8485.54
SIM-0987,400.47,4748.01
SIM-0988,418.38,7737.35
SIM-0989,558.31,8780.63
SIM-0990,475.24,6450.91
SIM-0991,427.36,7496.4
SIM-0992,523.06,5989.13
SIM-0993,553.17,9572.87
SIM-0994,592.18,7617.35
SIM-0995,514.69,7314.1
SIM-0996,591.2,9275.55
SIM-0997,518.53,6035.75
SIM-0998,541.84,7463.05
SIM-0999,365.87,4203.02
SIM-1000,409.4,7301.73
SIM-1001,505.67,6194.93
SIM-1002,492.4,8272.76
SIM-1003,572.94,9783.68
SIM-1004,347.14,4517.34
SIM-1005,408.64,6474.66
SIM-1006,415.52,5582.87
SIM-1007,350.98,4393.15
SIM-1008,440.88,5749.77
SIM-1009,348.24,6316.47
SIM-1010,497.06,7528.75
SIM-1011,382.03,6349.24
SIM-1012,358.7,4837.81
SIM-1013,440.69,4705.27
SIM-1014,463.57,8750.83
SIM-1015,361.51,5987.89
SIM-1016,514.6,7048.18
SIM-1017,431.76,5609.06
SIM-1018,454.09,6170.26
SIM-1019,501.22,7133.7
SIM-1020,352.99,6714.98
SIM-1021,406.26,6626.05
SIM-1022,492.06,6233.09
SIM-1023,338.7,4035.43
SIM-1024,506.6,7552.09
SIM-1025,410.18,6509.23
SIM-1026,561.12,6167.88
SIM-1027,371.38,5633.7
SIM-1028,566.1,9034.16
SIM-1029,513.64,6973.22
SIM-1030,338.76,4302.4
SIM-1031,445.45,5749.83
SIM-1032,553.41,9200.79
SIM-1033,594.22,7024.27
SIM-1034,441.09,7692.17
SIM-1035,575.46,7504.71
SIM-1036,441.31,4740.21
SIM-1037,482.69,7397.91
SIM-1038,392.55,4445.1
SIM-1039,382.1,5867.54
SIM-1040,338.39,4429.29
SIM-1041,399.66,4783.01
SIM-1042,447.73,6636.29
SIM-1043,505.71,9612.76
SIM-1044,553.03,8910.51
SIM-1045,580.89,7205.99
SIM-1046,490.17,7693.37
SIM-1047,464.31,6795.25
SIM-1048,577.32,8486.32
SIM-1049,399.18,7104.03
SIM-1050,503.93,6881.03
SIM-1051,493.88,8258.13
SIM-1052,439.54,6956.96
SIM-1053,581.95,10529.19
SIM-1054,405.03,4585.65
SIM-1055,407.2,4667.33
SIM-1056,456.22,5029.91
SIM-1057,531.61,8479.78
SIM-1058,397.04,5106.22
SIM-1059,351.47,5824.4
SIM-1060,565.71,8573.9
SIM-1061,360.84,4947.04
SIM-1062,394.5,5855.24
SIM-1063,421.32,7310.17
SIM-1064,538.75,9750.22
SIM-1065,586.92,8192.13
SIM-1066,460.09,7409.43
SIM-1067,358.98,5476.79
SIM-1068,459.42,8270.46
SIM-1069,506.85,8244.57
SIM-1070,527.02,8199.14
SIM-1071,372.71,4474.81
SIM-1072,511.62,6348.27
SIM-1073,373.89,6522.33
SIM-1074,522.48,6367.11
SIM-1075,354.52,4669.04
SIM-1076,568.42,8036.59
SIM-1077,359.64,5539.79
SIM-1078,487.69,5821.19
SIM-1079,430.07,5657.76
SIM-1080,589.04,8691.14
SIM-1081,436.46,6582.51
SIM-1082,512.32,6095.97
SIM-1083,458.62,8025.23
SIM-1084,494.2,5845.13
SIM-1085,487.11,6953.35
SIM-1086,368.52,4480.01
SIM-1087,430.28,5052.98
SIM-1088,460.67,5222.9
SIM-1089,539.75,8321.5
SIM-1090,474.87,7429.12
SIM-1091,395.32,6902.36
SIM-1092,468.12,7498.88
SIM-1093,554.44,7469.42
SIM-1094,539.4,6724.55
SIM-1095,557.85,7542.89
SIM-1096,352.69,6023.59
SIM-1097,571.66,6905.92
SIM-1098,564.43,8568.22
SIM-1099,591.52,9905.23
SIM-1100,352.32,6029.41
SIM-1101,441.07,6118.08
SIM-1102,412.26,5836.01
SIM-1103,425.31,6219.35
SIM-1104,449.13,6821.95
SIM-1105,515.79,7008.8
SIM-1106,502.6,5595.24
SIM-1107,543.14,7782.23
SIM-1108,350.54,5112.07
SIM-1109,536.64,8649.19
SIM-1110,463.39,7755.17
SIM-1111,491.19,5800.5
SIM-1112,381.05,5867.56
SIM-1113,573.58,8428.14
SIM-1114,500.49,7136.08
SIM-1115,494.47,7524.27
SIM-1116,517.94,6710.1
SIM-1117,410.41,5379.17
SIM-1118,438.82,6027.49
SIM-1119,379.35,6480.31
SIM-1120,427.95,6403.61
SIM-1121,540.76,8957.57
SIM-1122,397.99,5778.95
SIM-1123,413.1,5318.55
SIM-1124,511.81,8177.47
SIM-1125,398.13,6543.81
SIM-1126,535.51,6369.9
SIM-1127,355.65,4716.12
SIM-1128,440.77,6110.64
SIM-1129,342.96,4128.28
SIM-1130,473.96,8035.91
SIM-1131,412.73,6727.64
SIM-1132,413.3,7031.22
SIM-1133,549.21,6669.68
SIM-1134,479.21,6009.04
SIM-1135,600.86,10115.93
SIM-1136,543.77,9322.67
SIM-1137,392.42,5886.75
SIM-1138,365.49,5355.24
SIM-1139,537.15,7065.83
SIM-1140,500.55,5825.85
SIM-1141,531.59,8595.92
SIM-1142,344.17,5044.2
SIM-1143,475.6,8028.39
SIM-1144,482.0,8620.64
SIM-1145,529.41,8600.47
SIM-1146,429.6,6858.41
SIM-1147,579.53,7296.73
SIM-1148,465.98,8840.27
SIM-1149,595.46,9763.38
SIM-1150,517.58,5837.89
SIM-1151,446.64,6901.3
SIM-1152,425.47,4853.88
SIM-1153,458.68,7131.1
SIM-1154,498.97,6290.81
SIM-1155,495.45,6020.14
SIM-1156,514.77,8199.72
SIM-1157,552.7,6512.78
SIM-1158,535.82,8449.04
SIM-1159,552.93,9429.11
SIM-1160,468.19,6531.95
SIM-1161,371.11,4783.38
SIM-1162,577.48,8711.42
SIM-1163,420.82,5086.19
SIM-1164,438.43,7184.46
SIM-1165,565.5,8374.76
SIM-1166,385.01,6307.16
SIM-1167,381.46,4813.04
SIM-1168,542.61,5643.51
SIM-1169,570.35,10064.49
SIM-1170,449.33,4890.34
SIM-1171,415.83,7995.95
SIM-1172,546.76,9163.2
SIM-1173,354.88,4180.56
SIM-1174,384.9,5779.63
SIM-1175,399.1,5198.68
SIM-1176,369.58,5634.92
SIM-1177,591.42,7789.52
SIM-1178,541.35,7338.87
SIM-1179,390.21,5322.62
SIM-1180,420.92,4713.4
SIM-1181,384.83,4435.21
SIM-1182,417.69,4792.26
SIM-1183,354.33,4695.11
SIM-1184,475.61,5454.65
SIM-1185,480.3,5802.8
SIM-1186,492.16,7408.89
SIM-1187,354.22,4722.25
SIM-1188,548.33,8236.61
SIM-1189,447.6,6542.99
SIM-1190,504.14,8294.85
SIM-1191,410.42,6953.53
SIM-1192,597.99,7697.43
SIM-1193,381.1,6238.86
SIM-1194,456.61,7796.92
SIM-1195,422.47,5565.3
SIM-1196,414.04,6877.47
SIM-1197,364.52,6811.16
SIM-1198,376.35,5655.42
SIM-1199,455.83,5658.57
SIM-1200,472.7,7606.09
SIM-1201,368.14,4508.71
SIM-1202,401.61,5186.17
SIM-1203,549.3,10028.44
SIM-1204,592.08,7074.92
SIM-1205,425.83,5553.63
SIM-1206,355.33,6014.88
SIM-1207,540.67,9008.18
SIM-1208,387.27,6990.07
SIM-1209,394.43,4529.16
SIM-1210,562.46,8334.22
SIM-1211,527.56,7971.31
SIM-1212,419.87,6487.54
SIM-1213,577.31,8133.49
SIM-1214,384.11,7010.0
SIM-1215,450.14,7456.59
SIM-1216,371.3,5255.57
SIM-1217,484.72,7389.62
SIM-1218,431.83,5031.0
SIM-1219,342.22,4830.12
SIM-1220,461.41,7949.4
SIM-1221,461.21,5268.04
SIM-1222,343.24,4829.58
SIM-1223,553.23,6551.97
SIM-1224,445.13,5292.77
SIM-1225,520.26,8497.39
SIM-1226,402.21,5821.52
SIM-1227,542.26,9048.2
SIM-1228,364.4,4448.17
SIM-1229,506.98,8869.58
SIM-1230,429.11,5134.61
SIM-1231,549.63,9078.93
SIM-1232,390.68,4514.41
SIM-1233,589.53,10163.56
SIM-1234,398.34,6220.63
SIM-1235,411.35,6924.37
SIM-1236,566.65,7112.57
SIM-1237,402.35,4156.44
SIM-1238,517.85,7765.48
SIM-1239,598.19,8305.11
SIM-1240,353.44,4608.98
SIM-1241,417.88,7017.25
SIM-1242,378.82,6829.02
SIM-1243,349.46,4545.33
SIM-1244,484.26,9171.27
SIM-1245,444.53,5698.29
SIM-1246,450.9,7211.85
SIM-1247,528.59,9137.83
SIM-1248,546.89,6015.98
SIM-1249,336.82,5557.44
SIM-1250,435.28,7672.23
SIM-1251,569.82,7092.22
SIM-1252,510.81,6573.11
SIM-1253,378.55,5479.84
SIM-1254,550.83,9511.25
SIM-1255,466.99,7031.92
SIM-1256,406.93,5672.66
SIM-1257,373.68,5925.07
SIM-1258,571.85,9538.76
SIM-1259,501.75,7909.29
SIM-1260,476.47,8113.62
SIM-1261,432.25,4947.88
SIM-1262,549.54,6183.78
SIM-1263,479.26,5740.93
SIM-1264,595.3,7180.51
SIM-1265,484.16,5264.99
SIM-1266,501.77,5891.73
SIM-1267,375.63,4896.34
SIM-1268,582.56,9997.61
SIM-1269,396.9,5196.82
SIM-1270,418.93,5131.7
SIM-1271,511.07,6522.46
SIM-1272,489.4,7715.33
SIM-1273,421.91,6770.72
SIM-1274,452.58,6320.68
SIM-1275,543.5,7007.13
SIM-1276,354.79,5170.27
SIM-1277,553.73,7962.68
SIM-1278,544.27,7131.41
SIM-1279,447.78,8171.06
SIM-1280,362.77,5386.61
SIM-1281,467.02,7243.51
SIM-1282,434.38,7199.15
SIM-1283,592.45,9475.94
SIM-1284,351.0,4229.0
SIM-1285,489.08,7184.61
SIM-1286,352.95,5409.35
SIM-1287,433.21,6922.84
SIM-1288,488.81,6422.65
SIM-1289,359.76,5153.69
SIM-1290,506.54,5713.18
SIM-1291,431.16,5514.81
SIM-1292,549.76,8278.78
SIM-1293,374.59,5295.14
SIM-1294,389.93,6342.22
SIM-1295,588.51,10671.85
SIM-1296,581.36,8470.13
SIM-1297,493.76,8230.65
SIM-1298,466.95,6407.64
SIM-1299,522.22,6001.62
SIM-1300,551.4,9356.45
SIM-1301,440.5,7889.66
SIM-1302,394.8,5419.44
SIM-1303,462.34,7212.06
SIM-1304,413.28,5761.89
SIM-1305,336.71,5586.56
SIM-1306,431.13,5623.06
SIM-1307,505.22,8563.33
SIM-1308,432.43,5354.85
SIM-1309,598.26,9873.38
SIM-1310,501.99,5808.91
SIM-1311,582.63,9480.89
SIM-1312,387.8,5974.84
SIM-1313,436.83,5651.62
SIM-1314,437.08,7321.52
SIM-1315,354.66,4247.98
SIM-1316,339.04,5073.24
SIM-1317,373.35,4369.96
SIM-1318,551.99,6146.37
SIM-1319,389.95,6488.01
SIM-1320,437.46,5313.91
SIM-1321,478.47,5483.31
SIM-1322,481.0,8632.22
SIM-1323,408.55,6681.01
SIM-1324,431.78,5970.85
SIM-1325,400.76,5038.16
SIM-1326,572.4,8742.43
SIM-1327,346.85,5960.91
SIM-1328,543.48,7186.7
SIM-1329,546.86,5989.43
SIM-1330,445.4,7884.35
SIM-1331,354.52,6085.08
SIM-1332,347.02,4937.74
SIM-1333,415.6,6268.41
SIM-1334,372.95,6193.8
SIM-1335,530.39,6782.22
SIM-1336,399.01,5696.8
SIM-1337,507.62,6142.46
SIM-1338,430.29,5188.62
SIM-1339,496.99,8958.54
SIM-1340,569.86,7469.25
SIM-1341,435.3,7180.67
SIM-1342,549.4,9049.83
SIM-1343,431.6,7422.19
SIM-1344,422.23,5338.47
SIM-1345,353.98,3977.77
SIM-1346,597.68,9242.07
SIM-1347,501.97,8542.76
SIM-1348,404.3,6287.7
SIM-1349,435.27,5906.41
SIM-1350,475.83,5621.13
SIM-1351,581.4,9547.88
SIM-1352,473.65,5064.28
SIM-1353,547.17,10206.51
SIM-1354,598.76,7765.35
SIM-1355,531.88,9516.51
SIM-1356,359.05,6854.65
SIM-1357,505.98,6399.03
SIM-1358,506.72,7667.28
SIM-1359,508.42,7093.76
SIM-1360,400.93,4868.4
SIM-1361,511.17,8263.04
SIM-1362,526.65,6320.13
SIM-1363,365.7,6153.18
SIM-1364,345.56,4492.2
SIM-1365,452.9,5672.71
SIM-1366,449.42,5633.9
SIM-1367,396.63,6628.23
SIM-1368,439.22,5365.79
SIM-1369,405.92,7092.99
SIM-1370,346.82,4939.42
SIM-1371,475.74,5499.7
SIM-1372,356.0,4727.41
SIM-1373,576.27,7067.1
SIM-1374,517.47,7909.71
SIM-1375,512.71,8026.12
SIM-1376,506.69,8763.36
SIM-1377,405.9,5690.37
SIM-1378,386.63,5869.11
SIM-1379,483.78,8458.97
SIM-1380,412.86,6043.28
SIM-1381,417.72,5184.54
SIM-1382,550.99,8077.63
SIM-1383,359.19,5927.58
SIM-1384,536.02,6287.57
SIM-1385,516.74,6804.01
SIM-1386,338.19,5754.11
SIM-1387,588.37,8575.62
SIM-1388,354.87,4849.27
SIM-1389,487.52,6337.61
SIM-1390,357.2,4320.58
SIM-1391,376.68,4949.27
SIM-1392,467.1,7981.05
SIM-1393,480.85,6124.36
SIM-1394,408.38,6572.27
SIM-1395,508.32,6284.34
SIM-1396,494.47,7945.14
SIM-1397,511.47,8137.81
SIM-1398,563.11,9157.54
SIM-1399,490.83,5793.13
SIM-1400,403.08,6286.2
SIM-1401,556.38,6971.51
SIM-1402,590.13,9064.99
SIM-1403,481.63,5588.43
SIM-1404,348.35,5634.81
SIM-1405,470.46,7647.84
SIM-1406,547.66,8577.22
SIM-1407,510.32,7027.92
SIM-1408,489.31,7720.64
SIM-1409,480.96,6333.86
SIM-1410,496.84,6202.68
SIM-1411,513.81,6935.28
SIM-1412,574.51,8223.51
SIM-1413,348.31,5360.75
SIM-1414,414.83,5600.8
SIM-1415,529.27,7463.12
SIM-1416,581.49,7204.59
SIM-1417,481.35,6133.57
SIM-1418,349.51,5255.26
SIM-1419,373.08,6609.18
SIM-1420,445.84,6346.56
SIM-1421,361.95,4768.84
SIM-1422,429.1,5945.53
SIM-1423,498.86,8987.32
SIM-1424,583.22,10172.25
SIM-1425,370.57,5707.89
SIM-1426,480.58,6574.64
SIM-1427,364.71,4534.04
SIM-1428,523.03,6280.68
SIM-1429,472.62,8040.33
SIM-1430,479.29,8237.42
SIM-1431,469.36,7551.48
SIM-1432,573.52,7679.12
SIM-1433,368.67,5500.34
SIM-1434,484.39,9164.28
SIM-1435,528.95,8849.57
SIM-1436,353.74,5520.5
SIM-1437,550.16,6854.1
SIM-1438,583.33,10682.09
SIM-1439,592.38,10085.2
SIM-1440,344.48,5152.95
SIM-1441,480.29,7091.85
SIM-1442,453.62,7695.01
SIM-1443,340.29,3673.69
SIM-1444,546.01,6782.05
SIM-1445,442.73,5961.91
SIM-1446,347.78,5986.73
SIM-1447,428.06,6355.88
SIM-1448,346.34,5574.04
SIM-1449,482.29,8267.99
SIM-1450,473.25,6987.02
SIM-1451,537.34,7413.59
SIM-1452,588.46,8987.46
SIM-1453,387.26,5745.24
SIM-1454,378.6,6219.78
SIM-1455,531.4,6713.58
SIM-1456,503.94,7632.93
SIM-1457,373.43,4901.37
SIM-1458,428.95,6380.92
SIM-1459,461.71,6383.77
SIM-1460,553.22,8564.17
SIM-1461,349.51,5651.18
SIM-1462,476.31,6737.15
SIM-1463,589.02,7419.94
SIM-1464,345.35,5406.21
SIM-1465,498.12,9497.0
SIM-1466,554.1,6641.86
SIM-1467,375.0,4741.11
SIM-1468,463.54,6562.66
SIM-1469,598.01,10347.56
SIM-1470,368.45,5634.1
SIM-1471,352.93,6024.07
SIM-1472,497.08,7334.01
SIM-1473,436.38,6308.9
SIM-1474,376.73,7157.67
SIM-1475,485.39,6229.16
SIM-1476,430.61,5271.55
SIM-1477,377.2,5713.05
SIM-1478,471.15,8338.73
SIM-1479,352.0,4936.12
SIM-1480,536.77,6329.61
SIM-1481,563.54,6767.2
SIM-1482,432.21,7901.58
SIM-1483,377.65,4839.07
SIM-1484,522.04,8024.95
SIM-1485,551.31,9046.47
SIM-1486,348.95,4082.52
SIM-1487,436.47,6034.72
SIM-1488,463.82,5144.72
SIM-1489,506.44,6183.23
SIM-1490,372.32,5995.83
SIM-1491,573.23,6638.83
SIM-1492,420.95,5945.42
SIM-1493,437.14,6833.61
SIM-1494,478.91,7274.26
SIM-1495,472.92,5875.22
SIM-1496,525.28,7671.08
SIM-1497,536.14,6860.14
SIM-1498,511.9,8474.51
SIM-1499,523.22,7476.32
SIM-1500,366.22,5337.55
SIM-1501,485.38,6353.13
SIM-1502,336.73,4413.4
SIM-1503,523.1,8560.53
SIM-1504,583.51,8845.54
SIM-1505,356.36,5234.41
SIM-1506,434.28,7550.95
SIM-1507,381.37,7049.81
SIM-1508,479.33,6890.57
SIM-1509,544.78,9034.04
SIM-1510,575.01,7022.89
SIM-1511,399.16,5360.51
SIM-1512,408.55,6176.61
SIM-1513,439.25,5023.47
SIM-1514,355.51,5514.83
SIM-1515,385.68,5549.18
SIM-1516,545.28,9206.06
SIM-1517,504.6,8514.47
SIM-1518,339.85,6224.36
SIM-1519,447.62,6993.73
SIM-1520,507.45,8591.04
SIM-1521,519.01,9292.45
SIM-1522,346.54,6302.73
SIM-1523,396.04,4981.27
SIM-1524,559.06,8871.46
SIM-1525,391.82,6193.57
SIM-1526,410.1,5222.58
SIM-1527,594.08,10284.31
SIM-1528,407.79,6437.12
SIM-1529,510.97,6568.11
SIM-1530,365.64,5783.57
SIM-1531,478.77,7339.49
SIM-1532,410.0,6492.58
SIM-1533,526.12,7648.04
SIM-1534,399.25,6957.78
SIM-1535,573.89,9610.31
SIM-1536,570.24,6669.66
SIM-1537,587.96,8079.41
SIM-1538,349.6,4149.15
SIM-1539,394.15,6820.55
SIM-1540,563.88,9985.5
SIM-1541,558.51,6483.16
SIM-1542,510.6,7562.7
SIM-1543,414.9,6497.16
SIM-1544,461.4,6496.23
SIM-1545,542.53,6163.75
SIM-1546,586.79,9507.59
SIM-1547,528.01,8936.36
SIM-1548,410.18,4646.9
SIM-1549,514.74,7868.08
SIM-1550,395.08,4563.37
SIM-1551,347.56,4850.86
SIM-1552,556.13,6945.23
SIM-1553,552.43,6804.7
SIM-1554,519.07,7962.34
SIM-1555,448.25,7214.09
SIM-1556,515.96,9333.52
SIM-1557,505.2,6682.53
SIM-1558,565.0,6468.41
SIM-1559,434.39,4653.04
SIM-1560,589.51,8914.36
SIM-1561,399.6,7380.38
SIM-1562,406.51,5392.21
SIM-1563,367.67,5914.17
SIM-1564,593.85,8247.11
SIM-1565,418.06,5918.23
SIM-1566,565.19,8289.49
SIM-1567,367.46,4362.71
SIM-1568,352.14,5250.85
SIM-1569,436.3,7354.07
SIM-1570,381.23,5678.36
SIM-1571,437.29,5675.08
SIM-1572,528.09,7035.58
SIM-1573,484.49,6328.51
SIM-1574,577.29,6774.49
SIM-1575,383.3,4902.72
SIM-1576,335.31,5351.31
SIM-1577,525.29,6589.54
SIM-1578,350.8,5982.54
SIM-1579,440.3,6864.89
SIM-1580,419.27,6620.87
SIM-1581,518.6,6229.25
SIM-1582,599.48,7151.75
SIM-1583,379.82,5642.79
SIM-1584,542.54,7910.96
SIM-1585,506.47,8697.04
SIM-1586,561.1,10031.76
SIM-1587,448.2,6002.67
SIM-1588,597.22,7359.59
SIM-1589,468.86,7427.88
SIM-1590,357.76,4682.28
SIM-1591,336.84,4355.39
SIM-1592,547.31,9516.11
SIM-1593,335.39,4416.45
SIM-1594,390.47,5169.05
SIM-1595,473.48,6863.54
SIM-1596,426.43,7025.53
SIM-1597,456.72,5545.42
SIM-1598,587.1,8274.62
SIM-1599,406.46,5113.44
SIM-1600,536.99,8863.95
SIM-1601,364.01,6813.68
SIM-1602,379.88,5390.06
SIM-1603,353.19,4205.74
SIM-1604,559.22,10084.41
SIM-1605,338.27,5585.03
SIM-1606,581.51,9195.73
SIM-1607,567.64,7780.24
SIM-1608,404.18,5712.17
SIM-1609,470.51,7922.37
SIM-1610,374.44,5648.01
SIM-1611,540.81,8150.83
SIM-1612,371.61,4311.75
SIM-1613,426.55,4907.16
SIM-1614,400.45,6637.74
SIM-1615,420.16,5556.84
SIM-1616,430.37,4830.34
SIM-1617,531.35,10178.48
SIM-1618,427.64,5525.73
SIM-1619,493.17,6258.67
SIM-1620,582.49,9460.91
SIM-1621,492.55,5417.72
SIM-1622,415.7,6669.9
SIM-1623,421.08,6802.44
SIM-1624,546.01,6677.71
SIM-1625,381.47,5243.01
SIM-1626,497.35,7841.02
SIM-1627,422.75,5023.42
SIM-1628,450.39,5299.22
SIM-1629,360.7,4578.69
SIM-1630,508.79,8733.84
SIM-1631,410.98,6772.65
SIM-1632,392.25,4646.93
SIM-1633,369.55,4462.91
SIM-1634,574.35,8979.24
SIM-1635,363.86,6618.0
SIM-1636,373.03,4332.91
SIM-1637,525.08,9048.48
SIM-1638,473.06,5861.23
SIM-1639,374.12,4685.45
SIM-1640,425.2,5497.09
SIM-1641,586.69,8651.2
SIM-1642,565.48,7807.56
SIM-1643,449.34,7665.74
SIM-1644,576.85,7881.25
SIM-1645,589.55,8649.97
SIM-1646,419.98,5940.16
SIM-1647,530.96,6816.94
SIM-1648,441.12,5692.77
SIM-1649,540.09,7792.72
SIM-1650,525.1,8538.98
SIM-1651,431.1,6426.19
SIM-1652,505.96,8360.1
SIM-1653,421.34,5111.43
SIM-1654,527.3,6553.91
SIM-1655,404.92,5642.51
SIM-1656,386.18,5781.31
SIM-1657,588.22,8595.23
SIM-1658,570.53,9148.82
SIM-1659,395.05,4758.38
SIM-1660,383.73,4694.74
SIM-1661,594.3,9760.91
SIM-1662,553.2,6671.61
SIM-1663,521.26,8347.28
SIM-1664,533.13,7473.44
SIM-1665,417.44,4710.74
SIM-1666,570.36,8098.85
SIM-1667,546.4,7461.59
SIM-1668,451.55,5750.92
SIM-1669,562.16,9930.94
SIM-1670,555.67,8242.81
SIM-1671,373.94,5382.39
SIM-1672,495.28,6523.91
SIM-1673,344.76,5333.15
SIM-1674,558.72,7706.82
SIM-1675,587.01,10024.06
SIM-1676,465.95,5533.48
SIM-1677,520.69,7292.96
SIM-1678,467.26,7095.33
SIM-1679,374.12,5892.32
SIM-1680,592.05,10065.56
SIM-1681,530.97,6506.69
SIM-1682,503.99,7588.12
SIM-1683,455.88,6102.32
SIM-1684,463.74,8158.19
SIM-1685,378.83,5717.74
SIM-1686,501.66,6603.46
SIM-1687,474.19,8596.46
SIM-1688,577.88,7740.51
SIM-1689,523.82,8116.33
SIM-1690,416.09,4334.31
SIM-1691,472.74,6604.01
SIM-1692,354.95,4848.35
SIM-1693,489.46,7393.86
SIM-1694,439.94,5547.9
SIM-1695,552.73,7164.64
SIM-1696,459.89,5069.24
SIM-1697,479.24,5752.32
SIM-1698,347.35,3918.93
SIM-1699,345.6,5957.4
SIM-1700,397.58,4568.34
SIM-1701,445.15,6652.49
SIM-1702,415.1,5050.9
SIM-1703,423.85,7442.28
SIM-1704,590.97,9427.04
SIM-1705,485.78,6161.43
SIM-1706,494.03,7211.37
SIM-1707,529.7,7302.34
SIM-1708,578.47,8985.39
SIM-1709,574.94,8449.06
SIM-1710,394.45,6922.56
SIM-1711,474.47,5574.2
SIM-1712,338.91,4320.75
SIM-1713,486.45,8258.44
SIM-1714,580.84,6866.86
SIM-1715,480.58,6427.87
SIM-1716,565.17,9640.28
SIM-1717,492.02,6906.91
SIM-1718,382.71,5901.47
SIM-1719,506.7,6466.91
SIM-1720,529.33,6735.54
SIM-1721,490.13,7034.72
SIM-1722,450.26,8586.67
SIM-1723,384.49,5090.87
SIM-1724,532.94,8135.78
SIM-1725,340.05,5195.49
SIM-1726,546.67,6001.22
SIM-1727,468.85,6062.64
SIM-1728,550.42,10315.01
SIM-1729,527.89,7802.95
SIM-1730,422.98,5131.63
SIM-1731,415.04,6637.22
SIM-1732,579.9,10159.61
SIM-1733,524.22,7741.54
SIM-1734,402.63,7494.66
SIM-1735,497.35,8653.81
SIM-1736,426.51,5752.83
SIM-1737,562.13,10512.63
SIM-1738,386.85,6535.86
SIM-1739,430.77,6025.74
SIM-1740,525.31,6289.14
SIM-1741,406.92,5009.95
SIM-1742,420.78,4904.39
SIM-1743,481.01,5490.39
SIM-1744,484.97,6637.9
SIM-1745,513.63,7633.79
SIM-1746,336.93,5154.25
SIM-1747,344.04,6332.1
SIM-1748,437.75,7676.1
SIM-1749,518.19,8564.32
SIM-1750,560.61,8153.98
SIM-1751,428.78,6369.02
SIM-1752,354.44,4842.14
SIM-1753,351.07,4888.81
SIM-1754,564.55,10011.61
SIM-1755,474.06,9119.67
SIM-1756,461.95,6873.42
SIM-1757,558.7,7161.62
SIM-1758,365.25,6261.6
SIM-1759,451.07,5761.54
SIM-1760,415.18,5221.05
SIM-1761,597.59,7392.34
SIM-1762,568.51,9219.05
SIM-1763,596.25,7503.44
SIM-1764,519.09,6645.33
SIM-1765,344.26,6134.93
SIM-1766,366.52,5664.75
SIM-1767,439.73,7860.48
SIM-1768,337.65,5640.99
SIM-1769,440.9,6340.1
SIM-1770,429.6,7031.56
SIM-1771,415.96,7213.92
SIM-1772,589.7,8414.2
SIM-1773,401.62,4503.5
SIM-1774,480.06,6479.52
SIM-1775,433.66,4580.15
SIM-1776,479.71,6218.52
SIM-1777,442.66,5704.5
SIM-1778,411.07,5788.36
SIM-1779,591.06,7394.93
SIM-1780,477.62,4965.92
SIM-1781,544.93,5935.8
SIM-1782,372.97,5152.61
SIM-1783,338.49,5013.23
SIM-1784,511.33,8940.61
SIM-1785,403.82,5965.29
SIM-1786,433.84,8223.98
SIM-1787,557.36,8562.68
SIM-1788,388.92,6184.4
SIM-1789,462.63,6583.58
SIM-1790,424.92,4995.11
SIM-1791,428.39,6202.44
SIM-1792,536.59,8991.88
SIM-1793,479.16,8263.76
SIM-1794,391.63,5987.96
SIM-1795,397.19,6707.26
SIM-1796,461.54,8353.87
SIM-1797,477.72,5432.44
SIM-1798,477.18,6841.41
SIM-1799,518.4,6200.11
SIM-1800,447.46,7839.94
SIM-1801,393.03,6514.24
SIM-1802,393.93,7033.2
SIM-1803,591.08,7961.36
SIM-1804,465.55,5879.65
SIM-1805,523.63,6399.16
SIM-1806,428.84,5840.25
SIM-1807,456.2,5832.32
SIM-1808,409.32,5300.46
SIM-1809,444.0,7923.71
SIM-1810,392.44,6161.86
SIM-1811,487.57,8243.72
SIM-1812,349.99,5628.66
SIM-1813,384.94,4110.54
SIM-1814,554.58,7039.6
SIM-1815,366.36,3942.17
SIM-1816,382.05,6055.24
SIM-1817,470.58,6540.68
SIM-1818,391.74,5727.58
SIM-1819,514.45,7347.37
SIM-1820,430.04,7106.02
SIM-1821,541.88,6512.96
SIM-1822,411.19,6251.24
SIM-1823,535.42,8629.88
SIM-1824,422.03,5445.11
SIM-1825,349.25,3766.55
SIM-1826,434.75,7142.24
SIM-1827,532.13,9237.14
SIM-1828,405.42,6639.17
SIM-1829,511.33,5982.74
SIM-1830,502.77,8685.4
SIM-1831,371.75,5395.28
SIM-1832,400.62,5406.57
SIM-1833,479.92,6812.45
SIM-1834,494.29,5633.6
SIM-1835,390.29,5187.33
SIM-1836,377.86,5046.29
SIM-1837,396.51,4791.12
SIM-1838,579.4,8791.04
SIM-1839,359.84,5788.95
SIM-1840,532.56,8838.23
SIM-1841,551.81,8539.69
SIM-1842,447.58,5040.05
SIM-1843,496.29,7489.86
SIM-1844,405.1,4833.1
SIM-1845,510.97,5959.59
SIM-1846,359.39,6566.0
SIM-1847,466.12,5540.68
SIM-1848,499.22,7977.68
SIM-1849,492.72,6236.53
SIM-1850,346.56,4328.5
SIM-1851,396.99,7184.13
SIM-1852,488.41,7459.87
SIM-1853,361.32,4531.8
SIM-1854,496.33,9240.71
SIM-1855,397.86,7281.29
SIM-1856,340.88,5360.92
SIM-1857,552.41,9207.42
SIM-1858,350.26,5209.9
SIM-1859,498.61,8280.72
SIM-1860,595.88,7909.96
SIM-1861,344.4,5962.38
SIM-1862,513.74,5924.52
SIM-1863,439.35,7802.48
SIM-1864,496.88,7573.28
SIM-1865,350.44,4422.01
SIM-1866,452.72,7372.19
SIM-1867,502.75,6302.68
SIM-1868,410.88,6843.27
SIM-1869,344.36,5850.77
SIM-1870,568.42,8213.25
SIM-1871,352.98,5809.02
SIM-1872,393.19,6780.71
SIM-1873,564.37,8797.14
SIM-1874,380.45,7093.6
SIM-1875,547.79,5997.37
SIM-1876,554.56,7560.94
SIM-1877,471.03,8245.24
SIM-1878,480.77,6257.79
SIM-1879,378.46,6172.11
SIM-1880,553.57,6797.63
SIM-1881,478.15,6082.21
SIM-1882,419.47,5378.03
SIM-1883,341.33,5101.4
SIM-1884,480.32,7334.06
SIM-1885,383.7,4696.94
SIM-1886,365.43,6103.01
SIM-1887,589.91,7154.15
SIM-1888,359.71,5193.96
SIM-1889,490.58,7535.84
SIM-1890,551.85,9671.63
SIM-1891,556.64,8988.43
SIM-1892,410.5,4307.2
SIM-1893,480.05,8150.41
SIM-1894,376.44,5718.0
SIM-1895,575.55,7274.95
SIM-1896,530.05,9303.5
SIM-1897,369.42,4592.85
SIM-1898,371.85,5522.23
SIM-1899,528.86,7763.76
SIM-1900,433.79,5269.69
SIM-1901,405.64,6258.25
SIM-1902,395.08,4785.71
SIM-1903,569.89,9526.94
SIM-1904,573.21,10827.48
SIM-1905,446.14,6590.34
SIM-1906,407.34,5651.69
SIM-1907,356.74,4449.05
SIM-1908,438.32,5046.47
SIM-1909,365.54,4455.7
SIM-1910,357.82,6641.32
SIM-1911,548.07,8820.03
SIM-1912,468.55,7253.9
SIM-1913,493.46,5803.49
SIM-1914,446.85,6341.42
SIM-1915,551.25,6222.37
SIM-1916,511.01,8966.01
SIM-1917,596.82,7415.76
SIM-1918,541.42,9553.91
SIM-1919,574.17,9094.51
SIM-1920,440.2,5900.73
SIM-1921,530.95,8784.48
SIM-1922,376.18,5775.98
SIM-1923,395.21,5475.37
SIM-1924,574.76,9114.95
SIM-1925,396.28,4311.23
SIM-1926,426.03,5055.13
SIM-1927,548.51,8973.95
SIM-1928,433.72,5054.25
SIM-1929,339.11,4120.55
SIM-1930,547.55,6344.15
SIM-1931,398.26,6960.62
SIM-1932,575.84,9625.88
SIM-1933,366.83,6083.98
SIM-1934,373.52,4538.3
SIM-1935,399.89,5229.16
SIM-1936,355.66,6578.12
SIM-1937,493.73,6128.59
SIM-1938,597.0,7409.82
SIM-1939,351.38,4480.99
SIM-1940,480.32,6541.5
SIM-1941,554.33,9005.03
SIM-1942,522.33,7487.19
SIM-1943,495.83,7218.12
SIM-1944,467.89,6231.74
SIM-1945,546.49,9241.88
SIM-1946,484.31,6364.96
SIM-1947,486.75,6692.86
SIM-1948,368.87,4389.11
SIM-1949,563.31,7374.52
SIM-1950,523.51,7895.22
SIM-1951,373.23,5930.75
SIM-1952,560.44,9377.26
SIM-1953,368.77,4452.17
SIM-1954,481.91,7159.06
SIM-1955,336.95,5516.55
SIM-1956,443.47,5437.56
SIM-1957,545.65,6761.75
SIM-1958,391.24,6506.65
SIM-1959,436.42,7807.1
SIM-1960,504.71,7397.3
SIM-1961,383.31,5116.54
SIM-1962,599.88,8739.57
SIM-1963,476.27,7462.39
SIM-1964,445.68,6558.24
SIM-1965,456.56,6876.31
SIM-1966,393.48,4949.12
SIM-1967,586.75,9082.6
SIM-1968,470.08,6834.77
SIM-1969,358.18,5004.28
SIM-1970,535.5,6840.65
SIM-1971,434.02,6528.69
SIM-1972,437.28,5087.54
SIM-1973,596.51,7608.89
SIM-1974,481.69,9170.13
SIM-1975,376.18,4708.13
SIM-1976,518.27,7861.91
SIM-1977,489.54,5341.23
SIM-1978,414.72,7801.24
SIM-1979,429.64,6597.99
SIM-1980,385.21,5240.14
SIM-1981,435.26,5081.12
SIM-1982,565.04,7069.35
SIM-1983,416.64,7139.85
SIM-1984,549.22,7073.64
SIM-1985,538.98,6024.96
SIM-1986,491.76,6934.1
SIM-1987,533.13,7056.81
SIM-1988,585.22,9832.32
SIM-1989,454.31,7465.42
SIM-1990,355.43,5608.76
SIM-1991,539.33,9483.08
SIM-1992,556.43,10256.12
SIM-1993,346.69,5446.25
SIM-1994,478.97,5236.54
SIM-1995,589.19,7628.94
SIM-1996,338.45,5927.57
SIM-1997,503.78,5338.37
SIM-1998,469.83,6911.02
SIM-1999,351.88,5004.87
SIM-2000,531.81,6465.67
